FIELD,TP,TN,FP,FN,P,R,F1,A
client_address_state,34,0,0,1,1.0,0.9714285714285714,0.9855072463768115,0.9714285714285714
